[{
  "_id": "mov1",
  "usuarioId": "u2",
  "proveedorId": "prov1",
  "fecha": "2025-11-06T14:30:00",
  "productos": [
    {
      "productoId": "p1",
      "cantidad": 10
    },
    {
      "productoId": "p3",
      "cantidad": 5
    }
  ],
  "estado": "ENVIADO"
},
{
  "_id": {
    "$oid": "690edca240721286008255b3"
  },
  "usuarioId": "u2",
  "proveedorId": "prov1",
  "fecha": {
    "$date": "2025-11-08T06:01:06.235Z"
  },
  "productos": [
    {
      "_id": "p1",
      "nombre": "Camiseta Sportlife",
      "precio": 0,
      "stock": 0,
      "tipo": "Ropa",
      "clasificacion": "Camisa deportiva",
      "precioCompra": 120,
      "precioVenta": 249,
      "cantidad": 34,
      "proveedorId": "prov1",
      "sucursal": "Pátzcuaro"
    }
  ],
  "estado": "ENVIADO",
  "_class": "mx.wok.nimos.models.Movimiento"
},
{
  "_id": {
    "$oid": "690edd4f2dc7544f5d336a17"
  },
  "usuarioId": "u2",
  "proveedorId": "prov1",
  "fecha": {
    "$date": "2025-11-08T06:03:59.552Z"
  },
  "productos": [
    {
      "_id": "p1",
      "nombre": "Camiseta Sportlife",
      "precio": 0,
      "stock": 0,
      "tipo": "Ropa",
      "clasificacion": "Camisa deportiva",
      "precioCompra": 120,
      "precioVenta": 249,
      "cantidad": 32,
      "proveedorId": "prov1",
      "sucursal": "Pátzcuaro"
    }
  ],
  "estado": "ENVIADO",
  "_class": "mx.wok.nimos.models.Movimiento"
}]